102	제102회_문제지 TOPIK2_1교시_듣기,쓰기_탑재용.pdf	https://www.topik.go.kr/topik/cm/comm/download.do?atchFileId=e6DgXGmnqLQKjECulx2ykOezZPjlvz2tiVbOWCcoNvM%3D&fileSn=1&filePath=%2FNAS1%2Fnasdata%2Fwebnas%2Fbbs%2FBBSMSTR00078%2F2026%2F03%2F25&fileName=1491f528-3636-4420-acfb-fca93bea55a0.pdf&orgFileName=%EC%A0%9C102%ED%9A%8C_%EB%AC%B8%EC%A0%9C%EC%A7%80+TOPIK2_1%EA%B5%90%EC%8B%9C_%EB%93%A3%EA%B8%B0%2C%EC%93%B0%EA%B8%B0_%ED%83%91%EC%9E%AC%EC%9A%A9.pdf
102	제102회_문제지 TOPIK2_2교시_읽기_탑재용.pdf	https://www.topik.go.kr/topik/cm/comm/download.do?atchFileId=e6DgXGmnqLQKjECulx2ykOezZPjlvz2tiVbOWCcoNvM%3D&fileSn=2&filePath=%2FNAS1%2Fnasdata%2Fwebnas%2Fbbs%2FBBSMSTR00078%2F2026%2F03%2F25&fileName=7c972dc2-7481-4684-8db9-63c7e09d1b91.pdf&orgFileName=%EC%A0%9C102%ED%9A%8C_%EB%AC%B8%EC%A0%9C%EC%A7%80+TOPIK2_2%EA%B5%90%EC%8B%9C_%EC%9D%BD%EA%B8%B0_%ED%83%91%EC%9E%AC%EC%9A%A9.pdf
102	제102회_문제지_TOPIK2_1교시_듣기 통합_탑재용.pdf	https://www.topik.go.kr/topik/cm/comm/download.do?atchFileId=e6DgXGmnqLQKjECulx2ykOezZPjlvz2tiVbOWCcoNvM%3D&fileSn=3&filePath=%2FNAS1%2Fnasdata%2Fwebnas%2Fbbs%2FBBSMSTR00078%2F2026%2F03%2F25&fileName=d8cfd0ee-b348-4940-a2f1-77bf9f39d679.pdf&orgFileName=%EC%A0%9C102%ED%9A%8C_%EB%AC%B8%EC%A0%9C%EC%A7%80_TOPIK2_1%EA%B5%90%EC%8B%9C_%EB%93%A3%EA%B8%B0+%ED%86%B5%ED%95%A9_%ED%83%91%EC%9E%AC%EC%9A%A9.pdf
102	제102회_정답 및 배점표_TOPIK2_탑재용.pdf	https://www.topik.go.kr/topik/cm/comm/download.do?atchFileId=e6DgXGmnqLQKjECulx2ykOezZPjlvz2tiVbOWCcoNvM%3D&fileSn=4&filePath=%2FNAS1%2Fnasdata%2Fwebnas%2Fbbs%2FBBSMSTR00078%2F2026%2F03%2F25&fileName=23193521-22d2-4001-96dd-91aec33067b8.pdf&orgFileName=%EC%A0%9C102%ED%9A%8C_%EC%A0%95%EB%8B%B5+%EB%B0%8F+%EB%B0%B0%EC%A0%90%ED%91%9C_TOPIK2_%ED%83%91%EC%9E%AC%EC%9A%A9.pdf
102	제102회 TOPIK2 듣기파일.zip	https://www.topik.go.kr/topik/cm/comm/download.do?atchFileId=e6DgXGmnqLQKjECulx2ykOezZPjlvz2tiVbOWCcoNvM%3D&fileSn=5&filePath=%2FNAS1%2Fnasdata%2Fwebnas%2Fbbs%2FBBSMSTR00078%2F2026%2F03%2F25&fileName=1513bd5a-be1b-4dea-a51e-d5c14c6cd369.zip&orgFileName=%EC%A0%9C102%ED%9A%8C+TOPIK2+%EB%93%A3%EA%B8%B0%ED%8C%8C%EC%9D%BC.zip
102	제102회_문제지_TOPIK1_듣기, 읽기_탑재용.pdf	https://www.topik.go.kr/topik/cm/comm/download.do?atchFileId=e6DgXGmnqLQKjECulx2ykP9pV2uXAoNkWRxtiWs4gCo%3D&fileSn=1&filePath=%2FNAS1%2Fnasdata%2Fwebnas%2Fbbs%2FBBSMSTR00078%2F2026%2F03%2F25&fileName=205be08d-c167-40ab-9984-48c25fa251c0.pdf&orgFileName=%EC%A0%9C102%ED%9A%8C_%EB%AC%B8%EC%A0%9C%EC%A7%80_TOPIK1_%EB%93%A3%EA%B8%B0%2C+%EC%9D%BD%EA%B8%B0_%ED%83%91%EC%9E%AC%EC%9A%A9.pdf
102	제102회_문제지_TOPIK1_듣기통합_탑재용.pdf	https://www.topik.go.kr/topik/cm/comm/download.do?atchFileId=e6DgXGmnqLQKjECulx2ykP9pV2uXAoNkWRxtiWs4gCo%3D&fileSn=2&filePath=%2FNAS1%2Fnasdata%2Fwebnas%2Fbbs%2FBBSMSTR00078%2F2026%2F03%2F25&fileName=4112832c-0bfe-4183-8495-03dc050a11f9.pdf&orgFileName=%EC%A0%9C102%ED%9A%8C_%EB%AC%B8%EC%A0%9C%EC%A7%80_TOPIK1_%EB%93%A3%EA%B8%B0%ED%86%B5%ED%95%A9_%ED%83%91%EC%9E%AC%EC%9A%A9.pdf
102	제102회_정답 및 배점표_TOPIK1_탑재용.pdf	https://www.topik.go.kr/topik/cm/comm/download.do?atchFileId=e6DgXGmnqLQKjECulx2ykP9pV2uXAoNkWRxtiWs4gCo%3D&fileSn=3&filePath=%2FNAS1%2Fnasdata%2Fwebnas%2Fbbs%2FBBSMSTR00078%2F2026%2F03%2F25&fileName=b61b1b38-43f1-4d50-8ec4-52a07021d9f2.pdf&orgFileName=%EC%A0%9C102%ED%9A%8C_%EC%A0%95%EB%8B%B5+%EB%B0%8F+%EB%B0%B0%EC%A0%90%ED%91%9C_TOPIK1_%ED%83%91%EC%9E%AC%EC%9A%A9.pdf
102	제102회 TOPIK1 듣기파일.zip	https://www.topik.go.kr/topik/cm/comm/download.do?atchFileId=e6DgXGmnqLQKjECulx2ykP9pV2uXAoNkWRxtiWs4gCo%3D&fileSn=4&filePath=%2FNAS1%2Fnasdata%2Fwebnas%2Fbbs%2FBBSMSTR00078%2F2026%2F03%2F25&fileName=57f1eb0f-d21f-4fec-80a5-cb954de08df1.zip&orgFileName=%EC%A0%9C102%ED%9A%8C+TOPIK1+%EB%93%A3%EA%B8%B0%ED%8C%8C%EC%9D%BC.zip
96	제96회_정답 및 배점표_TOPIK2_탑재용.pdf	https://www.topik.go.kr/topik/cm/comm/download.do?atchFileId=NyGwX4o9S8%2BMpnb62NlSA5QtI2FhsGgps%2BscEE6X13E%3D&fileSn=1&filePath=%2FNAS1%2Fnasdata%2Fwebnas%2Fbbs%2FBBSMSTR00078%2F2025%2F05%2F07&fileName=cff3a70b-8d90-4bc8-a97c-6a8bd410e194.pdf&orgFileName=%EC%A0%9C96%ED%9A%8C_%EC%A0%95%EB%8B%B5+%EB%B0%8F+%EB%B0%B0%EC%A0%90%ED%91%9C_TOPIK2_%ED%83%91%EC%9E%AC%EC%9A%A9.pdf
96	제96회_문제지 TOPIK2_1교시_듣기,쓰기_탑재용.pdf	https://www.topik.go.kr/topik/cm/comm/download.do?atchFileId=NyGwX4o9S8%2BMpnb62NlSA5QtI2FhsGgps%2BscEE6X13E%3D&fileSn=3&filePath=%2FNAS1%2Fnasdata%2Fwebnas%2Fbbs%2FBBSMSTR00078%2F2025%2F05%2F07&fileName=f41eae54-c554-4776-b24f-4efbf3c70d84.pdf&orgFileName=%EC%A0%9C96%ED%9A%8C_%EB%AC%B8%EC%A0%9C%EC%A7%80+TOPIK2_1%EA%B5%90%EC%8B%9C_%EB%93%A3%EA%B8%B0%2C%EC%93%B0%EA%B8%B0_%ED%83%91%EC%9E%AC%EC%9A%A9.pdf
96	제96회_문제지_TOPIK2_1교시_듣기 통합_탑재용.pdf	https://www.topik.go.kr/topik/cm/comm/download.do?atchFileId=NyGwX4o9S8%2BMpnb62NlSA5QtI2FhsGgps%2BscEE6X13E%3D&fileSn=4&filePath=%2FNAS1%2Fnasdata%2Fwebnas%2Fbbs%2FBBSMSTR00078%2F2025%2F05%2F07&fileName=839f979f-c9d0-43a0-b141-69ef49d68dd5.pdf&orgFileName=%EC%A0%9C96%ED%9A%8C_%EB%AC%B8%EC%A0%9C%EC%A7%80_TOPIK2_1%EA%B5%90%EC%8B%9C_%EB%93%A3%EA%B8%B0+%ED%86%B5%ED%95%A9_%ED%83%91%EC%9E%AC%EC%9A%A9.pdf
96	제96회_문제지 TOPIK2_2교시_읽기_탑재용.pdf	https://www.topik.go.kr/topik/cm/comm/download.do?atchFileId=NyGwX4o9S8%2BMpnb62NlSA5QtI2FhsGgps%2BscEE6X13E%3D&fileSn=5&filePath=%2FNAS1%2Fnasdata%2Fwebnas%2Fbbs%2FBBSMSTR00078%2F2025%2F05%2F07&fileName=ec9ba292-08c2-4734-be92-ec05b177f6a8.pdf&orgFileName=%EC%A0%9C96%ED%9A%8C_%EB%AC%B8%EC%A0%9C%EC%A7%80+TOPIK2_2%EA%B5%90%EC%8B%9C_%EC%9D%BD%EA%B8%B0_%ED%83%91%EC%9E%AC%EC%9A%A9.pdf
96	제96회 TOPIK2 듣기파일.zip	https://www.topik.go.kr/topik/cm/comm/download.do?atchFileId=NyGwX4o9S8%2BMpnb62NlSA5QtI2FhsGgps%2BscEE6X13E%3D&fileSn=6&filePath=%2FNAS1%2Fnasdata%2Fwebnas%2Fbbs%2FBBSMSTR00078%2F2025%2F05%2F14&fileName=fc8ad4bf-2093-4fd8-9a23-46ae3047dc21.zip&orgFileName=%EC%A0%9C96%ED%9A%8C+TOPIK2+%EB%93%A3%EA%B8%B0%ED%8C%8C%EC%9D%BC.zip
96	제96회_정답 및 배점표_TOPIK1_탑재용.pdf	https://www.topik.go.kr/topik/cm/comm/download.do?atchFileId=NyGwX4o9S8%2BMpnb62NlSA3nBrWPfGvzigJi1dYs%2BHhA%3D&fileSn=1&filePath=%2FNAS1%2Fnasdata%2Fwebnas%2Fbbs%2FBBSMSTR00078%2F2025%2F05%2F07&fileName=0005110b-db5a-4878-8e09-6d61163a6f8b.pdf&orgFileName=%EC%A0%9C96%ED%9A%8C_%EC%A0%95%EB%8B%B5+%EB%B0%8F+%EB%B0%B0%EC%A0%90%ED%91%9C_TOPIK1_%ED%83%91%EC%9E%AC%EC%9A%A9.pdf
96	제96회 TOPIK1 듣기파일.zip	https://www.topik.go.kr/topik/cm/comm/download.do?atchFileId=NyGwX4o9S8%2BMpnb62NlSA3nBrWPfGvzigJi1dYs%2BHhA%3D&fileSn=2&filePath=%2FNAS1%2Fnasdata%2Fwebnas%2Fbbs%2FBBSMSTR00078%2F2025%2F05%2F07&fileName=2b046275-4725-4829-8a35-fdfceb950b35.zip&orgFileName=%EC%A0%9C96%ED%9A%8C+TOPIK1+%EB%93%A3%EA%B8%B0%ED%8C%8C%EC%9D%BC.zip
96	제96회_문제지_TOPIK1_듣기, 읽기_탑재용.pdf	https://www.topik.go.kr/topik/cm/comm/download.do?atchFileId=NyGwX4o9S8%2BMpnb62NlSA3nBrWPfGvzigJi1dYs%2BHhA%3D&fileSn=3&filePath=%2FNAS1%2Fnasdata%2Fwebnas%2Fbbs%2FBBSMSTR00078%2F2025%2F05%2F07&fileName=b5d94fb6-88ee-456c-87ee-8fff47b2cca0.pdf&orgFileName=%EC%A0%9C96%ED%9A%8C_%EB%AC%B8%EC%A0%9C%EC%A7%80_TOPIK1_%EB%93%A3%EA%B8%B0%2C+%EC%9D%BD%EA%B8%B0_%ED%83%91%EC%9E%AC%EC%9A%A9.pdf
96	제96회_문제지_TOPIK1_듣기통합_탑재용.pdf	https://www.topik.go.kr/topik/cm/comm/download.do?atchFileId=NyGwX4o9S8%2BMpnb62NlSA3nBrWPfGvzigJi1dYs%2BHhA%3D&fileSn=4&filePath=%2FNAS1%2Fnasdata%2Fwebnas%2Fbbs%2FBBSMSTR00078%2F2025%2F05%2F07&fileName=d570083f-d163-4297-b2c2-f4d550143883.pdf&orgFileName=%EC%A0%9C96%ED%9A%8C_%EB%AC%B8%EC%A0%9C%EC%A7%80_TOPIK1_%EB%93%A3%EA%B8%B0%ED%86%B5%ED%95%A9_%ED%83%91%EC%9E%AC%EC%9A%A9.pdf
91	제91회_정답 및 배점표_TOPIK2_탑재용.pdf	https://www.topik.go.kr/topik/cm/comm/download.do?atchFileId=nazaJNpOpv2n67KqBQlyzRdYQvwXRqUxzXGzJCfteXg%3D&fileSn=1&filePath=%2FNAS1%2Fnasdata%2Fwebnas%2Fbbs%2FBBSMSTR00078%2F2024%2F05%2F09&fileName=e4537343-0fd8-4e26-9b2d-c89eeb9f7d85.pdf&orgFileName=%EC%A0%9C91%ED%9A%8C_%EC%A0%95%EB%8B%B5+%EB%B0%8F+%EB%B0%B0%EC%A0%90%ED%91%9C_TOPIK2_%ED%83%91%EC%9E%AC%EC%9A%A9.pdf
91	제91회 토픽2 듣기파일.zip	https://www.topik.go.kr/topik/cm/comm/download.do?atchFileId=nazaJNpOpv2n67KqBQlyzRdYQvwXRqUxzXGzJCfteXg%3D&fileSn=2&filePath=%2FNAS1%2Fnasdata%2Fwebnas%2Fbbs%2FBBSMSTR00078%2F2024%2F05%2F09&fileName=4b84dd26-f228-4d9a-930c-41a66788a68d.zip&orgFileName=%EC%A0%9C91%ED%9A%8C+%ED%86%A0%ED%94%BD2+%EB%93%A3%EA%B8%B0%ED%8C%8C%EC%9D%BC.zip
91	제91회_문제지 TOPIK2_1교시_듣기,쓰기_탑재용.pdf	https://www.topik.go.kr/topik/cm/comm/download.do?atchFileId=nazaJNpOpv2n67KqBQlyzRdYQvwXRqUxzXGzJCfteXg%3D&fileSn=3&filePath=%2FNAS1%2Fnasdata%2Fwebnas%2Fbbs%2FBBSMSTR00078%2F2024%2F05%2F09&fileName=676e63d9-4a3d-4615-a547-fcb17d502372.pdf&orgFileName=%EC%A0%9C91%ED%9A%8C_%EB%AC%B8%EC%A0%9C%EC%A7%80+TOPIK2_1%EA%B5%90%EC%8B%9C_%EB%93%A3%EA%B8%B0%2C%EC%93%B0%EA%B8%B0_%ED%83%91%EC%9E%AC%EC%9A%A9.pdf
91	제91회_문제지_TOPIK2_1교시_듣기 통합_탑재용.pdf	https://www.topik.go.kr/topik/cm/comm/download.do?atchFileId=nazaJNpOpv2n67KqBQlyzRdYQvwXRqUxzXGzJCfteXg%3D&fileSn=4&filePath=%2FNAS1%2Fnasdata%2Fwebnas%2Fbbs%2FBBSMSTR00078%2F2024%2F05%2F09&fileName=38453b2e-fe6c-41a1-9dda-138a3cb612d1.pdf&orgFileName=%EC%A0%9C91%ED%9A%8C_%EB%AC%B8%EC%A0%9C%EC%A7%80_TOPIK2_1%EA%B5%90%EC%8B%9C_%EB%93%A3%EA%B8%B0+%ED%86%B5%ED%95%A9_%ED%83%91%EC%9E%AC%EC%9A%A9.pdf
91	제91회_문제지 TOPIK2_2교시_읽기_탑재용.pdf	https://www.topik.go.kr/topik/cm/comm/download.do?atchFileId=nazaJNpOpv2n67KqBQlyzRdYQvwXRqUxzXGzJCfteXg%3D&fileSn=5&filePath=%2FNAS1%2Fnasdata%2Fwebnas%2Fbbs%2FBBSMSTR00078%2F2026%2F03%2F24&fileName=360a0e67-9898-4b45-94cf-5db051d846f9.pdf&orgFileName=%EC%A0%9C91%ED%9A%8C_%EB%AC%B8%EC%A0%9C%EC%A7%80+TOPIK2_2%EA%B5%90%EC%8B%9C_%EC%9D%BD%EA%B8%B0_%ED%83%91%EC%9E%AC%EC%9A%A9.pdf
91	제91회_정답 및 배점표_TOPIK1_탑재용.pdf	https://www.topik.go.kr/topik/cm/comm/download.do?atchFileId=nazaJNpOpv2n67KqBQlyzamxomePnaqIW5Ff46F3zAU%3D&fileSn=1&filePath=%2FNAS1%2Fnasdata%2Fwebnas%2Fbbs%2FBBSMSTR00078%2F2024%2F05%2F09&fileName=b258eb0a-df07-49f2-8dd3-1c1fa84131eb.pdf&orgFileName=%EC%A0%9C91%ED%9A%8C_%EC%A0%95%EB%8B%B5+%EB%B0%8F+%EB%B0%B0%EC%A0%90%ED%91%9C_TOPIK1_%ED%83%91%EC%9E%AC%EC%9A%A9.pdf
91	제91회 토픽1 듣기파일.zip	https://www.topik.go.kr/topik/cm/comm/download.do?atchFileId=nazaJNpOpv2n67KqBQlyzamxomePnaqIW5Ff46F3zAU%3D&fileSn=2&filePath=%2FNAS1%2Fnasdata%2Fwebnas%2Fbbs%2FBBSMSTR00078%2F2024%2F05%2F09&fileName=d3e86dcd-2ea8-4ded-a07f-b232e554e23c.zip&orgFileName=%EC%A0%9C91%ED%9A%8C+%ED%86%A0%ED%94%BD1+%EB%93%A3%EA%B8%B0%ED%8C%8C%EC%9D%BC.zip
91	제91회_문제지_TOPIK1_듣기, 읽기_탑재용.pdf	https://www.topik.go.kr/topik/cm/comm/download.do?atchFileId=nazaJNpOpv2n67KqBQlyzamxomePnaqIW5Ff46F3zAU%3D&fileSn=3&filePath=%2FNAS1%2Fnasdata%2Fwebnas%2Fbbs%2FBBSMSTR00078%2F2024%2F05%2F09&fileName=a80dbba9-1502-4c4a-bae6-3722b6739a13.pdf&orgFileName=%EC%A0%9C91%ED%9A%8C_%EB%AC%B8%EC%A0%9C%EC%A7%80_TOPIK1_%EB%93%A3%EA%B8%B0%2C+%EC%9D%BD%EA%B8%B0_%ED%83%91%EC%9E%AC%EC%9A%A9.pdf
91	제91회_문제지_TOPIK1_듣기통합_탑재용.pdf	https://www.topik.go.kr/topik/cm/comm/download.do?atchFileId=nazaJNpOpv2n67KqBQlyzamxomePnaqIW5Ff46F3zAU%3D&fileSn=4&filePath=%2FNAS1%2Fnasdata%2Fwebnas%2Fbbs%2FBBSMSTR00078%2F2024%2F05%2F09&fileName=07886f4f-ab9b-4a87-bfc6-9f832ad09d41.pdf&orgFileName=%EC%A0%9C91%ED%9A%8C_%EB%AC%B8%EC%A0%9C%EC%A7%80_TOPIK1_%EB%93%A3%EA%B8%B0%ED%86%B5%ED%95%A9_%ED%83%91%EC%9E%AC%EC%9A%A9.pdf
83	83회_문제지_TOPIK1_듣기 통합.pdf	https://www.topik.go.kr/topik/cm/comm/download.do?atchFileId=wnaCPybimjWguS%2FmLMAHqQx%2FPvl3sGl3lzTt0MSw25w%3D&fileSn=4&filePath=%2FNAS1%2Fnasdata%2Fwebnas%2Fbbs%2FBBSMSTR00078%2F2023%2F02%2F16&fileName=4f2feb56-b9f6-4bbe-87c9-c2d9ce5ded34.pdf&orgFileName=83%ED%9A%8C_%EB%AC%B8%EC%A0%9C%EC%A7%80_TOPIK1_%EB%93%A3%EA%B8%B0+%ED%86%B5%ED%95%A9.pdf
83	83회_정답 및 배점표_TOPIK1.pdf	https://www.topik.go.kr/topik/cm/comm/download.do?atchFileId=wnaCPybimjWguS%2FmLMAHqQx%2FPvl3sGl3lzTt0MSw25w%3D&fileSn=5&filePath=%2FNAS1%2Fnasdata%2Fwebnas%2Fbbs%2FBBSMSTR00078%2F2023%2F02%2F16&fileName=922ef694-387c-499a-ae6f-5f9caf34fa25.pdf&orgFileName=83%ED%9A%8C_%EC%A0%95%EB%8B%B5+%EB%B0%8F+%EB%B0%B0%EC%A0%90%ED%91%9C_TOPIK1.pdf
83	제83회 토픽1 듣기파일.zip	https://www.topik.go.kr/topik/cm/comm/download.do?atchFileId=wnaCPybimjWguS%2FmLMAHqQx%2FPvl3sGl3lzTt0MSw25w%3D&fileSn=6&filePath=%2FNAS1%2Fnasdata%2Fwebnas%2Fbbs%2FBBSMSTR00078%2F2023%2F02%2F16&fileName=71eefbe8-1d09-4bfb-b229-aaf4b5e28b1d.zip&orgFileName=%EC%A0%9C83%ED%9A%8C+%ED%86%A0%ED%94%BD1+%EB%93%A3%EA%B8%B0%ED%8C%8C%EC%9D%BC.zip
83	83회_문제지_TOPIK1_듣기, 읽기.pdf	https://www.topik.go.kr/topik/cm/comm/download.do?atchFileId=wnaCPybimjWguS%2FmLMAHqQx%2FPvl3sGl3lzTt0MSw25w%3D&fileSn=7&filePath=%2FNAS1%2Fnasdata%2Fwebnas%2Fbbs%2FBBSMSTR00078%2F2023%2F02%2F17&fileName=51eae97c-a035-4936-9b59-888057bd9878.pdf&orgFileName=83%ED%9A%8C_%EB%AC%B8%EC%A0%9C%EC%A7%80_TOPIK1_%EB%93%A3%EA%B8%B0%2C+%EC%9D%BD%EA%B8%B0.pdf
83	제83회 토픽2 듣기파일.zip	https://www.topik.go.kr/topik/cm/comm/download.do?atchFileId=wnaCPybimjWguS%2FmLMAHqTz%2B%2BXtmPI6vROcTTNto14A%3D&fileSn=14&filePath=%2FNAS1%2Fnasdata%2Fwebnas%2Fbbs%2FBBSMSTR00078%2F2023%2F02%2F16&fileName=f9fb8958-5ec6-40df-8444-2156e31439e5.zip&orgFileName=%EC%A0%9C83%ED%9A%8C+%ED%86%A0%ED%94%BD2+%EB%93%A3%EA%B8%B0%ED%8C%8C%EC%9D%BC.zip
83	83회_정답 및 배점표_TOPIK2.pdf	https://www.topik.go.kr/topik/cm/comm/download.do?atchFileId=wnaCPybimjWguS%2FmLMAHqTz%2B%2BXtmPI6vROcTTNto14A%3D&fileSn=18&filePath=%2FNAS1%2Fnasdata%2Fwebnas%2Fbbs%2FBBSMSTR00078%2F2023%2F02%2F16&fileName=9d8ae5ce-287b-4b48-9a98-bc09c450c09a.pdf&orgFileName=83%ED%9A%8C_%EC%A0%95%EB%8B%B5+%EB%B0%8F+%EB%B0%B0%EC%A0%90%ED%91%9C_TOPIK2.pdf
83	83회_문제지 TOPIK2_1교시_듣기,쓰기.pdf	https://www.topik.go.kr/topik/cm/comm/download.do?atchFileId=wnaCPybimjWguS%2FmLMAHqTz%2B%2BXtmPI6vROcTTNto14A%3D&fileSn=20&filePath=%2FNAS1%2Fnasdata%2Fwebnas%2Fbbs%2FBBSMSTR00078%2F2023%2F02%2F17&fileName=b2a44ae5-9842-45ee-8662-be3d93707006.pdf&orgFileName=83%ED%9A%8C_%EB%AC%B8%EC%A0%9C%EC%A7%80+TOPIK2_1%EA%B5%90%EC%8B%9C_%EB%93%A3%EA%B8%B0%2C%EC%93%B0%EA%B8%B0.pdf
83	83회_문제지_TOPIK2_1교시_듣기 통합.pdf	https://www.topik.go.kr/topik/cm/comm/download.do?atchFileId=wnaCPybimjWguS%2FmLMAHqTz%2B%2BXtmPI6vROcTTNto14A%3D&fileSn=21&filePath=%2FNAS1%2Fnasdata%2Fwebnas%2Fbbs%2FBBSMSTR00078%2F2023%2F04%2F03&fileName=0de10c2b-749f-4a0e-a6aa-b73d73a60bf0.pdf&orgFileName=83%ED%9A%8C_%EB%AC%B8%EC%A0%9C%EC%A7%80_TOPIK2_1%EA%B5%90%EC%8B%9C_%EB%93%A3%EA%B8%B0+%ED%86%B5%ED%95%A9.pdf
83	83회_문제지 TOPIK2_2교시_읽기.pdf	https://www.topik.go.kr/topik/cm/comm/download.do?atchFileId=wnaCPybimjWguS%2FmLMAHqTz%2B%2BXtmPI6vROcTTNto14A%3D&fileSn=22&filePath=%2FNAS1%2Fnasdata%2Fwebnas%2Fbbs%2FBBSMSTR00078%2F2026%2F03%2F24&fileName=4097c416-e472-4674-b1ef-8b142d3e06fb.pdf&orgFileName=83%ED%9A%8C_%EB%AC%B8%EC%A0%9C%EC%A7%80+TOPIK2_2%EA%B5%90%EC%8B%9C_%EC%9D%BD%EA%B8%B0.pdf
64	64회_TOPIK1_기출 및 정답.zip	https://www.topik.go.kr/topik/cm/comm/download.do?atchFileId=wnaCPybimjWguS%2FmLMAHqcXZ0hm%2B1h9PERzQu0kuFa4%3D&fileSn=1&filePath=%2FNAS1%2Fnasdata%2Fwebnas%2Fbbs%2FBBSMSTR00078%2F2023%2F02%2F16&fileName=1f8124b3-3daf-4d8e-8d17-0c3174b7fff6.zip&orgFileName=64%ED%9A%8C_TOPIK1_%EA%B8%B0%EC%B6%9C+%EB%B0%8F+%EC%A0%95%EB%8B%B5.zip
64	64회_TOPIK2_기출 및 정답.zip	https://www.topik.go.kr/topik/cm/comm/download.do?atchFileId=wnaCPybimjWguS%2FmLMAHqcXZ0hm%2B1h9PERzQu0kuFa4%3D&fileSn=2&filePath=%2FNAS1%2Fnasdata%2Fwebnas%2Fbbs%2FBBSMSTR00078%2F2026%2F03%2F24&fileName=b4ee631d-8b71-480d-bb58-a3edc7d9bd3b.zip&orgFileName=64%ED%9A%8C_TOPIK2_%EA%B8%B0%EC%B6%9C+%EB%B0%8F+%EC%A0%95%EB%8B%B5.zip
64	64_TOPIK I_듣기.zip	https://www.topik.go.kr/topik/cm/comm/download.do?atchFileId=ra7eCnKWJZzTMkFptawBZhXQL6pkp0Io9Df%2FtSCyXPs%3D&fileSn=1&filePath=%2FNAS1%2Fnasdata%2Fwebnas%2Fbbs%2FOLD_BBS%2FBBSMSTR00078&fileName=64_TOPIK+I_%EB%93%A3%EA%B8%B0.zip&orgFileName=64_TOPIK+I_%EB%93%A3%EA%B8%B0.zip
64	64_TOPIK II_듣기.zip	https://www.topik.go.kr/topik/cm/comm/download.do?atchFileId=ra7eCnKWJZzTMkFptawBZo7zwwF1%2BeeyamN%2FQ2TBXw8%3D&fileSn=1&filePath=%2FNAS1%2Fnasdata%2Fwebnas%2Fbbs%2FOLD_BBS%2FBBSMSTR00078&fileName=64_TOPIK+II_%EB%93%A3%EA%B8%B0.zip&orgFileName=64_TOPIK+II_%EB%93%A3%EA%B8%B0.zip
60	60회_TOPIK1_기출 및 정답.zip	https://www.topik.go.kr/topik/cm/comm/download.do?atchFileId=wnaCPybimjWguS%2FmLMAHqSnNQS6jxhbGV7KrJ4mpY3A%3D&fileSn=1&filePath=%2FNAS1%2Fnasdata%2Fwebnas%2Fbbs%2FBBSMSTR00078%2F2023%2F02%2F16&fileName=bcb4b18a-8f49-4a94-a5db-23ab8b6c6846.zip&orgFileName=60%ED%9A%8C_TOPIK1_%EA%B8%B0%EC%B6%9C+%EB%B0%8F+%EC%A0%95%EB%8B%B5.zip
60	60회_TOPIK2_기출 및 정답.zip	https://www.topik.go.kr/topik/cm/comm/download.do?atchFileId=wnaCPybimjWguS%2FmLMAHqSnNQS6jxhbGV7KrJ4mpY3A%3D&fileSn=2&filePath=%2FNAS1%2Fnasdata%2Fwebnas%2Fbbs%2FBBSMSTR00078%2F2026%2F03%2F24&fileName=f0b8c11d-eedf-40e8-8d62-f0edda37400e.zip&orgFileName=60%ED%9A%8C_TOPIK2_%EA%B8%B0%EC%B6%9C+%EB%B0%8F+%EC%A0%95%EB%8B%B5.zip
60	TOPIKI 듣기.zip	https://www.topik.go.kr/topik/cm/comm/download.do?atchFileId=ra7eCnKWJZzTMkFptawBZnH42pJ1SxoLjEtKRunfxq4%3D&fileSn=1&filePath=%2FNAS1%2Fnasdata%2Fwebnas%2Fbbs%2FOLD_BBS%2FBBSMSTR00078&fileName=TOPIKI+%EB%93%A3%EA%B8%B0.zip&orgFileName=TOPIKI+%EB%93%A3%EA%B8%B0.zip
60	TOPIKII 듣기.zip	https://www.topik.go.kr/topik/cm/comm/download.do?atchFileId=ra7eCnKWJZzTMkFptawBZpFw%2FxKVGDO6dRh9P0PhY2o%3D&fileSn=1&filePath=%2FNAS1%2Fnasdata%2Fwebnas%2Fbbs%2FOLD_BBS%2FBBSMSTR00078&fileName=TOPIKII+%EB%93%A3%EA%B8%B0.zip&orgFileName=TOPIKII+%EB%93%A3%EA%B8%B0.zip
52	52회_TOPIK1_기출 및 정답.zip	https://www.topik.go.kr/topik/cm/comm/download.do?atchFileId=wnaCPybimjWguS%2FmLMAHqberlOJexJyjbBzlnh3D3wg%3D&fileSn=1&filePath=%2FNAS1%2Fnasdata%2Fwebnas%2Fbbs%2FBBSMSTR00078%2F2025%2F11%2F11&fileName=d814c698-0a22-405f-8a53-4c0a54476ea2.zip&orgFileName=52%ED%9A%8C_TOPIK1_%EA%B8%B0%EC%B6%9C+%EB%B0%8F+%EC%A0%95%EB%8B%B5.zip
52	52회_TOPIK2_기출 및 정답.zip	https://www.topik.go.kr/topik/cm/comm/download.do?atchFileId=wnaCPybimjWguS%2FmLMAHqberlOJexJyjbBzlnh3D3wg%3D&fileSn=2&filePath=%2FNAS1%2Fnasdata%2Fwebnas%2Fbbs%2FBBSMSTR00078%2F2026%2F03%2F24&fileName=5b104ddf-7fca-4ff9-a5e7-5078c4b16aef.zip&orgFileName=52%ED%9A%8C_TOPIK2_%EA%B8%B0%EC%B6%9C+%EB%B0%8F+%EC%A0%95%EB%8B%B5.zip
52	52회_TOPIK I_듣기파일[3].zip	https://www.topik.go.kr/topik/cm/comm/download.do?atchFileId=ra7eCnKWJZzTMkFptawBZmpW%2FNieieZIqFAVS7YsYPY%3D&fileSn=1&filePath=%2FNAS1%2Fnasdata%2Fwebnas%2Fbbs%2FOLD_BBS%2FBBSMSTR00078&fileName=52%ED%9A%8C_TOPIK+I_%EB%93%A3%EA%B8%B0%ED%8C%8C%EC%9D%BC%5B3%5D.zip&orgFileName=52%ED%9A%8C_TOPIK+I_%EB%93%A3%EA%B8%B0%ED%8C%8C%EC%9D%BC%5B3%5D.zip
52	제52회_TOPIK II_듣기파일[5].zip	https://www.topik.go.kr/topik/cm/comm/download.do?atchFileId=ra7eCnKWJZzTMkFptawBZm8x17eY7vzCoVij%2FqjNt%2FY%3D&fileSn=1&filePath=%2FNAS1%2Fnasdata%2Fwebnas%2Fbbs%2FOLD_BBS%2FBBSMSTR00078&fileName=%EC%A0%9C52%ED%9A%8C_TOPIK+II_%EB%93%A3%EA%B8%B0%ED%8C%8C%EC%9D%BC%5B5%5D.zip&orgFileName=%EC%A0%9C52%ED%9A%8C_TOPIK+II_%EB%93%A3%EA%B8%B0%ED%8C%8C%EC%9D%BC%5B5%5D.zip
47	47회 TOPIK I 듣기.zip	https://www.topik.go.kr/topik/cm/comm/download.do?atchFileId=ra7eCnKWJZzTMkFptawBZg76qYItB7sQB8jtdwsVZTA%3D&fileSn=1&filePath=%2FNAS1%2Fnasdata%2Fwebnas%2Fbbs%2FOLD_BBS%2FBBSMSTR00078&fileName=47%ED%9A%8C+TOPIK+I+%EB%93%A3%EA%B8%B0.zip&orgFileName=47%ED%9A%8C+TOPIK+I+%EB%93%A3%EA%B8%B0.zip
47	47회_TOPIK1_기출 및 정답.zip	https://www.topik.go.kr/topik/cm/comm/download.do?atchFileId=wnaCPybimjWguS%2FmLMAHqfZkPgSkDUETOUESFqkVZbc%3D&fileSn=1&filePath=%2FNAS1%2Fnasdata%2Fwebnas%2Fbbs%2FBBSMSTR00078%2F2023%2F02%2F16&fileName=01f56cf5-9983-4ddb-b055-6bfd1dae1e67.zip&orgFileName=47%ED%9A%8C_TOPIK1_%EA%B8%B0%EC%B6%9C+%EB%B0%8F+%EC%A0%95%EB%8B%B5.zip
47	47회_TOPIK2_기출 및 정답.zip	https://www.topik.go.kr/topik/cm/comm/download.do?atchFileId=wnaCPybimjWguS%2FmLMAHqfZkPgSkDUETOUESFqkVZbc%3D&fileSn=2&filePath=%2FNAS1%2Fnasdata%2Fwebnas%2Fbbs%2FBBSMSTR00078%2F2026%2F03%2F24&fileName=3472d41f-cafa-4154-8a0a-67864c571cdd.zip&orgFileName=47%ED%9A%8C_TOPIK2_%EA%B8%B0%EC%B6%9C+%EB%B0%8F+%EC%A0%95%EB%8B%B5.zip
47	47회 TOPIK II 듣기파일.zip	https://www.topik.go.kr/topik/cm/comm/download.do?atchFileId=ra7eCnKWJZzTMkFptawBZqddLl8h5J2i18TbYZZj00w%3D&fileSn=1&filePath=%2FNAS1%2Fnasdata%2Fwebnas%2Fbbs%2FOLD_BBS%2FBBSMSTR00078&fileName=47%ED%9A%8C+TOPIK+II+%EB%93%A3%EA%B8%B0%ED%8C%8C%EC%9D%BC.zip&orgFileName=47%ED%9A%8C+TOPIK+II+%EB%93%A3%EA%B8%B0%ED%8C%8C%EC%9D%BC.zip
41	41회 TOPIK I(듣기, 읽기)_B형.pdf	https://www.topik.go.kr/topik/cm/comm/download.do?atchFileId=wnaCPybimjWguS%2FmLMAHqU%2BPt2spkX0u0Q0NJzBJjoI%3D&fileSn=1&filePath=%2FNAS1%2Fnasdata%2Fwebnas%2Fbbs%2FBBSMSTR00078%2F2023%2F02%2F16&fileName=b9db394d-9a44-4ed2-aed1-cf51fb614f35.pdf&orgFileName=41%ED%9A%8C+TOPIK+I%28%EB%93%A3%EA%B8%B0%2C+%EC%9D%BD%EA%B8%B0%29_B%ED%98%95.pdf
41	41회 TOPIK I(듣기대본)_B형.pdf	https://www.topik.go.kr/topik/cm/comm/download.do?atchFileId=wnaCPybimjWguS%2FmLMAHqU%2BPt2spkX0u0Q0NJzBJjoI%3D&fileSn=2&filePath=%2FNAS1%2Fnasdata%2Fwebnas%2Fbbs%2FBBSMSTR00078%2F2023%2F02%2F16&fileName=3f59ce55-b511-4ce3-9090-1130eebff49b.pdf&orgFileName=41%ED%9A%8C+TOPIK+I%28%EB%93%A3%EA%B8%B0%EB%8C%80%EB%B3%B8%29_B%ED%98%95.pdf
41	41회 TOPIK I_정답표(B형).pdf	https://www.topik.go.kr/topik/cm/comm/download.do?atchFileId=wnaCPybimjWguS%2FmLMAHqU%2BPt2spkX0u0Q0NJzBJjoI%3D&fileSn=3&filePath=%2FNAS1%2Fnasdata%2Fwebnas%2Fbbs%2FBBSMSTR00078%2F2023%2F02%2F16&fileName=948f0e40-5da8-45a7-8924-294661610110.pdf&orgFileName=41%ED%9A%8C+TOPIK+I_%EC%A0%95%EB%8B%B5%ED%91%9C%28B%ED%98%95%29.pdf
41	41회 TOPIK II_1교시(듣기쓰기)_B형.pdf	https://www.topik.go.kr/topik/cm/comm/download.do?atchFileId=wnaCPybimjWguS%2FmLMAHqY9K2QdXy5CKONKaHtnTB7s%3D&fileSn=1&filePath=%2FNAS1%2Fnasdata%2Fwebnas%2Fbbs%2FBBSMSTR00078%2F2023%2F02%2F16&fileName=79c57526-732f-43ef-9b90-4a08d61304bd.pdf&orgFileName=41%ED%9A%8C+TOPIK+II_1%EA%B5%90%EC%8B%9C%28%EB%93%A3%EA%B8%B0%EC%93%B0%EA%B8%B0%29_B%ED%98%95.pdf
41	41회 TOPIK II 듣기통합.pdf	https://www.topik.go.kr/topik/cm/comm/download.do?atchFileId=wnaCPybimjWguS%2FmLMAHqY9K2QdXy5CKONKaHtnTB7s%3D&fileSn=3&filePath=%2FNAS1%2Fnasdata%2Fwebnas%2Fbbs%2FBBSMSTR00078%2F2023%2F02%2F16&fileName=307bfb8d-152f-40cc-a745-461cd254ba27.pdf&orgFileName=41%ED%9A%8C+TOPIK+II+%EB%93%A3%EA%B8%B0%ED%86%B5%ED%95%A9.pdf
41	41회 TOPIK II_정답표(B형).pdf	https://www.topik.go.kr/topik/cm/comm/download.do?atchFileId=wnaCPybimjWguS%2FmLMAHqY9K2QdXy5CKONKaHtnTB7s%3D&fileSn=4&filePath=%2FNAS1%2Fnasdata%2Fwebnas%2Fbbs%2FBBSMSTR00078%2F2023%2F02%2F16&fileName=a6ef2a48-76a6-42b4-b3b5-56263888d704.pdf&orgFileName=41%ED%9A%8C+TOPIK+II_%EC%A0%95%EB%8B%B5%ED%91%9C%28B%ED%98%95%29.pdf
41	41회 TOPIK II_2교시(읽기)_B형.pdf	https://www.topik.go.kr/topik/cm/comm/download.do?atchFileId=wnaCPybimjWguS%2FmLMAHqY9K2QdXy5CKONKaHtnTB7s%3D&fileSn=5&filePath=%2FNAS1%2Fnasdata%2Fwebnas%2Fbbs%2FBBSMSTR00078%2F2026%2F03%2F24&fileName=8a9fd374-902b-4de1-908b-8b0df9c1c23c.pdf&orgFileName=41%ED%9A%8C+TOPIK+II_2%EA%B5%90%EC%8B%9C%28%EC%9D%BD%EA%B8%B0%29_B%ED%98%95.pdf
41	41회 TOPIK II듣기.zip	https://www.topik.go.kr/topik/cm/comm/download.do?atchFileId=ra7eCnKWJZzTMkFptawBZswLccn4iKzp8iZccGy3EzY%3D&fileSn=1&filePath=%2FNAS1%2Fnasdata%2Fwebnas%2Fbbs%2FOLD_BBS%2FBBSMSTR00078&fileName=41%ED%9A%8C+TOPIK+II%EB%93%A3%EA%B8%B0.zip&orgFileName=41%ED%9A%8C+TOPIK+II%EB%93%A3%EA%B8%B0.zip
41	41회 TOPIK II_1교시 듣기통합(대본)_B형.pdf	https://www.topik.go.kr/topik/cm/comm/download.do?atchFileId=ra7eCnKWJZzTMkFptawBZswLccn4iKzp8iZccGy3EzY%3D&fileSn=2&filePath=%2FNAS1%2Fnasdata%2Fwebnas%2Fbbs%2FOLD_BBS%2FBBSMSTR00078&fileName=41%ED%9A%8C+TOPIK+II_1%EA%B5%90%EC%8B%9C+%EB%93%A3%EA%B8%B0%ED%86%B5%ED%95%A9%28%EB%8C%80%EB%B3%B8%29_B%ED%98%95.pdf&orgFileName=41%ED%9A%8C+TOPIK+II_1%EA%B5%90%EC%8B%9C+%EB%93%A3%EA%B8%B0%ED%86%B5%ED%95%A9%28%EB%8C%80%EB%B3%B8%29_B%ED%98%95.pdf
41	41회 TOPIK I듣기.zip	https://www.topik.go.kr/topik/cm/comm/download.do?atchFileId=ra7eCnKWJZzTMkFptawBZi45YGiEh7OUFwV3qQEo5vE%3D&fileSn=1&filePath=%2FNAS1%2Fnasdata%2Fwebnas%2Fbbs%2FOLD_BBS%2FBBSMSTR00078&fileName=41%ED%9A%8C+TOPIK+I%EB%93%A3%EA%B8%B0.zip&orgFileName=41%ED%9A%8C+TOPIK+I%EB%93%A3%EA%B8%B0.zip
37	37회 TOPIK1(듣기통합)_B형.pdf	https://www.topik.go.kr/topik/cm/comm/download.do?atchFileId=wnaCPybimjWguS%2FmLMAHqf1tux3Xl3Ap4M7TSKnQ4hs%3D&fileSn=1&filePath=%2FNAS1%2Fnasdata%2Fwebnas%2Fbbs%2FBBSMSTR00078%2F2023%2F02%2F16&fileName=7d9f5d28-34fe-4e17-b280-bddc2971615c.pdf&orgFileName=37%ED%9A%8C+TOPIK1%28%EB%93%A3%EA%B8%B0%ED%86%B5%ED%95%A9%29_B%ED%98%95.pdf
37	37회TOPIK1(듣기읽기)_B형.pdf	https://www.topik.go.kr/topik/cm/comm/download.do?atchFileId=wnaCPybimjWguS%2FmLMAHqf1tux3Xl3Ap4M7TSKnQ4hs%3D&fileSn=2&filePath=%2FNAS1%2Fnasdata%2Fwebnas%2Fbbs%2FBBSMSTR00078%2F2023%2F02%2F16&fileName=78d17291-f5d0-4f2d-88ab-45c29833be5a.pdf&orgFileName=37%ED%9A%8CTOPIK1%28%EB%93%A3%EA%B8%B0%EC%9D%BD%EA%B8%B0%29_B%ED%98%95.pdf
37	37회 TOPIK1_정답표.pdf	https://www.topik.go.kr/topik/cm/comm/download.do?atchFileId=wnaCPybimjWguS%2FmLMAHqf1tux3Xl3Ap4M7TSKnQ4hs%3D&fileSn=3&filePath=%2FNAS1%2Fnasdata%2Fwebnas%2Fbbs%2FBBSMSTR00078%2F2023%2F02%2F16&fileName=96a6a8f8-1c7e-48f0-8e94-f2aaebd93f6f.pdf&orgFileName=37%ED%9A%8C+TOPIK1_%EC%A0%95%EB%8B%B5%ED%91%9C.pdf
37	37회 TOPIK 2_1교시(듣기 통합)_B형.pdf	https://www.topik.go.kr/topik/cm/comm/download.do?atchFileId=wnaCPybimjWguS%2FmLMAHqfynd5z0sTIzacWiyDAH5Mo%3D&fileSn=1&filePath=%2FNAS1%2Fnasdata%2Fwebnas%2Fbbs%2FBBSMSTR00078%2F2023%2F02%2F16&fileName=f3028f89-ad37-48c7-971f-6d97bb791f02.pdf&orgFileName=37%ED%9A%8C+TOPIK+2_1%EA%B5%90%EC%8B%9C%28%EB%93%A3%EA%B8%B0+%ED%86%B5%ED%95%A9%29_B%ED%98%95.pdf
37	37회 TOPIK2_정답표.pdf	https://www.topik.go.kr/topik/cm/comm/download.do?atchFileId=wnaCPybimjWguS%2FmLMAHqfynd5z0sTIzacWiyDAH5Mo%3D&fileSn=3&filePath=%2FNAS1%2Fnasdata%2Fwebnas%2Fbbs%2FBBSMSTR00078%2F2023%2F02%2F16&fileName=823dd5b2-13dc-49e3-8ca6-5fe646381b6a.pdf&orgFileName=37%ED%9A%8C+TOPIK2_%EC%A0%95%EB%8B%B5%ED%91%9C.pdf
37	37회TOPIK2(듣기쓰기읽기)_B형.pdf	https://www.topik.go.kr/topik/cm/comm/download.do?atchFileId=wnaCPybimjWguS%2FmLMAHqfynd5z0sTIzacWiyDAH5Mo%3D&fileSn=4&filePath=%2FNAS1%2Fnasdata%2Fwebnas%2Fbbs%2FBBSMSTR00078%2F2026%2F03%2F24&fileName=96bcb81b-e90b-430e-b7a7-5d878385d978.pdf&orgFileName=37%ED%9A%8CTOPIK2%28%EB%93%A3%EA%B8%B0%EC%93%B0%EA%B8%B0%EC%9D%BD%EA%B8%B0%29_B%ED%98%95.pdf
37	37_토픽Ⅰ 듣기.mp3	https://www.topik.go.kr/topik/cm/comm/download.do?atchFileId=ra7eCnKWJZzTMkFptawBZj%2BFMYLMLswipGl6mUYdB0k%3D&fileSn=1&filePath=%2FNAS1%2Fnasdata%2Fwebnas%2Fbbs%2FOLD_BBS%2FBBSMSTR00078&fileName=37_%ED%86%A0%ED%94%BD%E2%85%A0+%EB%93%A3%EA%B8%B0.mp3&orgFileName=37_%ED%86%A0%ED%94%BD%E2%85%A0+%EB%93%A3%EA%B8%B0.mp3
37	37_토픽Ⅱ 듣기.mp3	https://www.topik.go.kr/topik/cm/comm/download.do?atchFileId=ra7eCnKWJZzTMkFptawBZlwEel3cXDj%2BoetiBfMV%2BGk%3D&fileSn=1&filePath=%2FNAS1%2Fnasdata%2Fwebnas%2Fbbs%2FOLD_BBS%2FBBSMSTR00078&fileName=37_%ED%86%A0%ED%94%BD%E2%85%A1+%EB%93%A3%EA%B8%B0.mp3&orgFileName=37_%ED%86%A0%ED%94%BD%E2%85%A1+%EB%93%A3%EA%B8%B0.mp3
